<component name="ProjectRunConfigurationManager">
  <configuration default="false" name="SpotlightPromotionStore" type="SpringBootApplicationConfigurationType" factoryName="Spring Boot" nameIsGenerated="true">
    <envs>
      <env name="CERTS_PATH" value="$USER_HOME$/Documents/Spotlight/Certs/promocentral-dev" />
      <env name="db.promorelations.password" value="" />
      <env name="db.promorelations.username" value="" />
      <env name="elasticsearch.offers-api.password" value="" />
      <env name="SECRETS_PROPS_PATH" value="$USER_HOME$/offerdataloader/secrets.properties" />
      <env name="SPRING_PROFILES_ACTIVE" value="local" />
      <env name="truststore-location" value="$USER_HOME$/Documents/Spotlight/promocentral-dev/truststore-carbon.jks" />
      <env name="truststore-password" value="" />
    </envs>
    <module name="spotlight-promotion-store"/>
    <option name="SPRING_BOOT_MAIN_CLASS" value="com.lowes.promotionstore.SpotlightPromotionStore"/>
    <method v="2">
      <option name="Make" enabled="true"/>
    </method>
  </configuration>
</component>